{"branches": 69.71830985915493, "coverage": 83.6070023069616}