{"branches": 66.24513618677042, "coverage": 79.39227412316147}