{"branches": 70.93596059113301, "coverage": 84.1231453036146}