{"branches": 69.5079086115993, "coverage": 83.94368103973466}