{"branches": 75.87548638132296, "coverage": 85.50830295666262}