{"branches": 75.38461538461539, "coverage": 84.52663189505294}