{"branches": 56.438180653427295, "coverage": 71.9841437384186}