{"branches": 71.51067323481116, "coverage": 86.26133472503099}