{"branches": 69.94163424124513, "coverage": 82.47939227412317}