{"branches": 69.41747572815534, "coverage": 85.51599616317779}