{"branches": 67.26342710997443, "coverage": 81.24351255968445}