{"branches": 49.128686327077745, "coverage": 61.69266134414316}