{"branches": 47.95984455958549, "coverage": 59.374778980125896}