{"branches": 61.104582843713274, "coverage": 76.12588436203951}