{"branches": 69.61678832116789, "coverage": 82.99348328778642}