{"branches": 56.5848934796643, "coverage": 72.0334995765503}