{"branches": 70.99173553719008, "coverage": 84.14586070959264}