{"branches": 69.94328922495274, "coverage": 83.03428266015118}