{"branches": 70.69536423841059, "coverage": 84.09703504043127}