{"branches": 65.02192982456141, "coverage": 79.56129751835672}